ML Model Name,Accuracy,AUC,Precision,Recall,F1,MCC
XGBoost (Ensemble),0.9225119353654058,0.99532433466164,0.9366044320398892,0.932913166436686,0.9346792042064124,0.9062753876555941
Logistic Regression,0.9206757253029747,0.9947676264624941,0.9348981008104179,0.9314079953115602,0.9328973500050772,0.9041666634728006
Random Forest (Ensemble),0.9203084832904884,0.9939161331371958,0.9348728220589386,0.9307053680485428,0.9326692151973643,0.9036033534333622
KNN,0.9166360631656262,0.9859597728243451,0.9318252615343486,0.9271411966523412,0.9292369009754428,0.8992048676004467
Decision Tree,0.9070877708409842,0.9740945068615303,0.9227035367066979,0.9187934150543592,0.9206423496561155,0.8876061858335431
Gaussian Naive Bayes,0.8979067205288285,0.9916140133662351,0.9112374978297467,0.9092384546214823,0.9091099074457399,0.8772632840842779
